Perfil de Grupo,Divisão pela Maior Potência,Fatoração,Limite Trigonométrico Fundamental,Racionalização
Grupo A,0.0,0.0,0.5,0.0
Grupo B,0.125,0.5208333333333334,0.25,0.5833333333333334
Grupo C,0.7222222222222223,0.0,0.16666666666666666,0.11111111111111112
